№	Координата	Профиль правый	Ширина правой колеи	План правый	Уровень
1	 5010	49732.337309999995	1518	-	13
2	 5011	49732.337309999995	1518	-	13
3	 5012	49722.33684	1516	-	12
4	 5013	49722.33684	1516	-	10
5	 5014	49712.336370000005	1517	-	10
6	 5015	49712.336370000005	1517	-	12
7	 5016	49712.336370000005	1518	-	16
8	 5017	49712.336370000005	1518	-	18
9	 5018	49722.33684	1519	-	21
10	 5019	49722.33684	1518	-	20
11	 5020	49722.33684	1518	-	18
12	 5021	49722.33684	1518	-	18
13	 5022	49722.33684	1518	-	16
14	 5023	49722.33684	1518	-	14
15	 5024	49722.33684	1517	-	14
16	 5025	49722.33684	1517	-	14
17	 5026	49722.33684	1517	-	16
18	 5027	49722.33684	1517	-	21
19	 5028	49742.33778	1517	-	24
20	 5029	49742.33778	1517	-	26
21	 5030	49742.33778	1517	-	30
22	 5031	49742.33778	1517	-	32
23	 5032	49742.33778	1517	-	32
24	 5033	49742.33778	1517	-	30
25	 5034	49752.33825	1518	-	27
26	 5035	49752.33825	1517	-	0
27	 5036	49752.33825	1517	-	12
28	 5037	49752.33825	1517	-	10
29	 5038	49752.33825	1517	-	13
30	 5039	49752.33825	1518	-	15
31	 5040	49742.33778	1518	-	13
32	 5041	49732.337309999995	1518	-	13
33	 5042	49742.33778	1518	-	12
34	 5043	49742.33778	1518	-	13
35	 5044	49742.33778	1518	-	15
36	 5045	49742.33778	1518	-	18
37	 5046	49742.33778	1518	-	19
38	 5047	49742.33778	1518	-	18
39	 5048	49752.33825	1518	-	18
40	 5049	49752.33825	1518	-	16
41	 5050	49752.33825	1518	-	17
42	 5051	49762.33872	1518	-	15
43	 5052	49772.339190000006	1518	-	14
44	 5053	49782.339660000005	1518	-	14
45	 5054	49782.339660000005	1520	-	16
46	 5055	49792.34013	1520	-	17
47	 5056	49802.340599999996	1520	-	18
48	 5057	49812.34107	1520	-	19
49	 5058	49822.34154	1520	-	18
50	 5059	49832.34201	1516	-	0
51	 5060	49842.34248000001	1516	-	22
52	 5061	49852.342950000006	1516	-	23
53	 5062	49872.34389	1516	-	24
54	 5063	49892.34483	1516	-	25
55	 5064	49912.34577	1518	-	25
56	 5065	49922.346240000006	1518	-	25
57	 5066	49932.34671	1518	-	25
58	 5067	49942.34718	1518	-	26
59	 5068	49952.34765	1518	-	24
60	 5069	49952.34765	1518	-	22
61	 5070	49962.34812	1518	-	22
62	 5071	49972.34859	1518	-	21
63	 5072	49972.34859	1518	-	21
64	 5073	49972.34859	1518	-	0
65	 5074	49972.34859	1520	-	17
66	 5075	49972.34859	1520	-	17
67	 5076	49992.34953000001	1521	-	17
68	 5077	50002.35	1520	-	0
69	 5078	49992.34953000001	1519	-	22
70	 5079	49992.34953000001	1520	-	26
71	 5080	50002.35	1517	-	26
72	 5081	50012.35047	1517	-	23
73	 5082	50012.35047	1517	-	21
74	 5083	50022.350940000004	1517	-	19
75	 5084	50022.350940000004	1517	-	16
76	 5085	50022.350940000004	1517	-	14
77	 5086	50022.350940000004	1517	-	12
78	 5087	50032.35141	1517	-	11
79	 5088	50032.35141	1518	-	11
80	 5089	50032.35141	1520	-	13
81	 5090	50032.35141	1520	-	13
82	 5091	50032.35141	1520	-	12
83	 5092	50042.35188	1520	-	11
84	 5093	50052.35235	1520	-	9
85	 5094	50052.35235	1517	-	7
86	 5095	50052.35235	1517	-	4
87	 5096	50052.35235	1517	-	2
88	 5097	50052.35235	1517	-	-1
89	 5098	50062.35282	1516	-	-3
90	 5099	50062.35282	1515	-	-3
91	 5100	50062.35282	1515	-	-1
92	 5101	50062.35282	1515	-	-1
93	 5102	50072.35329	1515	-	-1
94	 5103	50072.35329	1515	-	1
95	 5104	50062.35282	1515	-	2
96	 5105	50062.35282	1515	-	2
97	 5106	50072.35329	1515	-	2
98	 5107	50072.35329	1515	-	3
99	 5108	50072.35329	1515	-	-1
100	 5109	50072.35329	1516	-	-5
101	 5110	50072.35329	1516	-	-8
102	 5111	50072.35329	1516	-	-10
103	 5112	50082.35376	1516	-	-9
104	 5113	50082.35376	1516	-	-7
105	 5114	50092.354230000004	1516	-	-4
106	 5115	50092.354230000004	1516	-	-5
107	 5116	50092.354230000004	1516	-	-6
108	 5117	50092.354230000004	1516	-	-9
109	 5118	50092.354230000004	1516	-	-9
110	 5119	50092.354230000004	1515	-	-10
111	 5120	50092.354230000004	1515	-	-11
112	 5121	50102.3547	1515	-	-11
113	 5122	50092.354230000004	1515	-	-12
114	 5123	50092.354230000004	1515	-	-14
115	 5124	50092.354230000004	1515	-	-15
116	 5125	50092.354230000004	1518	-	-15
117	 5126	50092.354230000004	1518	-	-16
118	 5127	50092.354230000004	1519	-	-19
119	 5128	50092.354230000004	1519	-	-23
120	 5129	50092.354230000004	1520	-	-26
121	 5130	50102.3547	1520	-	-26
122	 5131	50102.3547	1520	-	-24
123	 5132	50102.3547	1520	-	-23
124	 5133	50102.3547	1520	-	-20
125	 5134	50102.3547	1520	-	-16
126	 5135	50092.354230000004	1520	-	-11
127	 5136	50102.3547	1520	-	-7
128	 5137	50102.3547	1521	-	-6
129	 5138	50102.3547	1521	-	-8
130	 5139	50092.354230000004	1523	-	-11
131	 5140	50092.354230000004	1523	-	-13
132	 5141	50092.354230000004	1523	-	-14
133	 5142	50092.354230000004	1523	-	-16
134	 5143	50092.354230000004	1523	-	-22
135	 5144	50092.354230000004	1523	-	-24
136	 5145	50092.354230000004	1523	-	-25
137	 5146	50092.354230000004	1520	-	-26
138	 5147	50092.354230000004	1519	-	-25
139	 5148	50082.35376	1518	-	-24
140	 5149	50082.35376	1518	-	-24
141	 5150	50082.35376	1517	-	-24
142	 5151	50082.35376	1517	-	-23
143	 5152	50072.35329	1516	-	22
144	 5153	50062.35282	1515	-	21
145	 5154	50062.35282	1515	-	22
146	 5155	50052.35235	1516	-	24
147	 5156	50042.35188	1517	48441.55008	24
148	 5157	50052.35235	1520	48741.559680000006	25
149	 5158	50052.35235	1519	49031.568960000004	26
150	 5159	50052.35235	1516	49321.57824	26
151	 5160	50052.35235	1516	49631.58816	25
152	 5161	50052.35235	1516	49941.598079999996	23
153	 5162	50052.35235	1516	50241.60768	23
154	 5163	50052.35235	1516	50541.61728	23
155	 5164	50072.35329	1516	50861.62752	24
156	 5165	50062.35282	1516	51181.637760000005	24
157	 5166	50062.35282	1518	51441.64608	25
158	 5167	50062.35282	1518	51721.65504	26
159	 5168	50032.35141	1520	52021.66464	26
160	 5169	50032.35141	1523	52021.66464	26
161	 5170	50032.35141	1523	52321.67424	26
162	 5171	50032.35141	1527	52601.68320000001	27
163	 5172	50032.35141	1529	52881.692160000006	30
164	 5173	50022.350940000004	1530	53181.70176	30
165	 5174	50022.350940000004	1531	53501.712	30
166	 5175	50022.350940000004	1532	53791.72128	28
167	 5176	50022.350940000004	1533	54081.73056	28
168	 5177	50022.350940000004	1535	54381.74016	27
169	 5178	50022.350940000004	1536	54681.74976	26
170	 5179	50012.35047	1537	54981.75936	26
171	 5180	50012.35047	1537	55281.76896	26
172	 5181	50012.35047	1537	55581.77856	23
173	 5182	50002.35	1537	55901.7888	21
174	 5183	50002.35	1537	56181.79776	21
175	 5184	50002.35	1537	56481.80736	22
176	 5185	49982.34906	1537	56771.816640000005	22
177	 5186	49982.34906	1537	57061.82592	25
178	 5187	49982.34906	1537	57361.83552	25
179	 5188	49982.34906	1537	57641.84448	24
180	 5189	49972.34859	1537	57941.85408	23
181	 5190	49972.34859	1537	58241.86368	22
182	 5191	49972.34859	1537	58521.87264000001	22
183	 5192	49972.34859	1537	58801.8816	22
184	 5193	49952.34765	1536	59091.890880000006	22
185	 5194	49952.34765	1536	59381.900160000005	21
186	 5195	49952.34765	1532	59681.90976	20
187	 5196	49952.34765	1530	59981.91936	22
188	 5197	49942.34718	1528	60281.928960000005	23
189	 5198	49942.34718	1526	60581.93856	23
190	 5199	49932.34671	1525	60861.94752	26
191	 5200	49932.34671	1525	61161.95712	26
192	 5201	49942.34718	1525	61441.96608	24
193	 5202	49942.34718	1525	61721.975040000005	20
194	 5203	49932.34671	1523	62011.98432	20
195	 5204	49932.34671	1521	62301.9936	18
196	 5205	49922.346240000006	1521	62582.00256	17
197	 5206	49922.346240000006	1520	62882.012160000006	17
198	 5207	49922.346240000006	1520	63122.01984	15
199	 5208	49922.346240000006	1520	63362.02752	12
200	 5209	49922.346240000006	1520	63672.03744000001	10
201	 5210	49922.346240000006	1520	63982.04736	8
202	 5211	49912.34577	1520	64222.05504	8
203	 5212	49912.34577	1520	64462.062719999994	8
204	 5213	49912.34577	1520	64732.07136000001	-2
205	 5214	49912.34577	1520	65002.08	-2
206	 5215	49912.34577	1520	65262.08832000001	-15
207	 5216	49912.34577	1520	65522.096639999996	-19
208	 5217	49912.34577	1520	65782.10496	-19
209	 5218	49902.3453	1520	66042.11328	-14
210	 5219	49892.34483	1520	66262.12032	-14
211	 5220	49892.34483	1520	66502.128	-11
212	 5221	49882.34436	1520	66762.13632	-7
213	 5222	49882.34436	1520	67022.14464	-7
214	 5223	49882.34436	1520	67262.15232000001	-3
215	 5224	49882.34436	1520	67502.16	-9
216	 5225	49882.34436	1520	67732.16736	-9
217	 5226	49882.34436	1520	67962.17472	-22
218	 5227	49872.34389	1520	68192.18208	-22
219	 5228	49862.34342	1520	68422.18944	-30
220	 5229	49862.34342	1520	68642.19648	-30
221	 5230	49862.34342	1520	68862.20352	-30
222	 5231	49862.34342	1520	69072.21024	2
223	 5232	49862.34342	1520	69282.21696	4
224	 5233	49862.34342	1520	69512.22432000001	4
225	 5234	49862.34342	1520	69742.23168	2
226	 5235	49862.34342	1520	69952.2384	4
227	 5236	49862.34342	1520	70162.24511999999	2
228	 5237	49842.34248000001	1520	70382.25216	1
229	 5238	49842.34248000001	1520	70582.25856	0
230	 5239	49842.34248000001	1520	70762.26432	0
231	 5240	49842.34248000001	1520	70942.27008	1
232	 5241	49832.34201	1520	71122.27584	3
233	 5242	49832.34201	1520	71322.28224	3
234	 5243	49822.34154	1520	71512.28832	8
235	 5244	49822.34154	1520	71702.2944	10
236	 5245	49822.34154	1520	71902.30080000001	10
237	 5246	49822.34154	1520	72102.3072	10
238	 5247	49822.34154	1520	72282.31296000001	8
239	 5248	49822.34154	1520	72482.31936000001	5
240	 5249	49812.34107	1520	72642.32448000001	5
241	 5250	49812.34107	1520	72802.3296	6
242	 5251	49812.34107	1520	72962.33472	8
243	 5252	49812.34107	1520	73142.34048	8
244	 5253	49802.340599999996	1520	73302.3456	8
245	 5254	49802.340599999996	1520	73462.35072	6
246	 5255	49802.340599999996	1520	73612.35552	3
247	 5256	49792.34013	1520	73762.36032	3
248	 5257	49792.34013	1520	73922.36544000001	0
249	 5258	49792.34013	1520	74062.36992000001	2
250	 5259	49792.34013	1520	74222.37504	5
251	 5260	49792.34013	1520	74362.37952	5
252	 5261	49792.34013	1520	74502.384	8
253	 5262	49792.34013	1520	74642.38848000001	17
254	 5263	49782.339660000005	1520	74772.39264	17
255	 5264	49782.339660000005	1520	74902.3968	34
256	 5265	49782.339660000005	1520	75042.40128	43
257	 5266	49772.339190000006	1520	75162.40512	41
258	 5267	49772.339190000006	1520	75292.40928	41
259	 5268	49772.339190000006	1520	75422.41344	33
260	 5269	49772.339190000006	1520	75522.41664	28
261	 5270	49762.33872	1520	75642.42048	28
262	 5271	49762.33872	1520	75762.42432	26
263	 5272	49752.33825	1520	75882.42816	21
264	 5273	49752.33825	1520	76002.432	15
265	 5274	49752.33825	1520	76102.43519999999	15
266	 5275	49742.33778	1520	76222.43904	18
267	 5276	49742.33778	1520	76322.44223999999	29
268	 5277	49732.337309999995	1520	76422.44544000001	29
269	 5278	49732.337309999995	1520	76522.44864	33
270	 5279	49722.33684	1520	76612.45152	31
271	 5280	49722.33684	1520	76702.4544	24
272	 5281	49722.33684	1520	76792.45728	24
273	 5282	49722.33684	1520	76882.46016	13
274	 5283	49722.33684	1520	76972.46304	10
275	 5284	49722.33684	1520	77062.46592	10
276	 5285	49722.33684	1520	77062.46592	14
277	 5286	49712.336370000005	1520	77262.47232000002	11
278	 5287	49712.336370000005	1520	77322.47424	3
279	 5288	49712.336370000005	1520	77402.4768	3
280	 5289	49712.336370000005	1520	77482.47936000001	1
281	 5290	49712.336370000005	1520	77562.48192	2
282	 5291	49702.335900000005	1520	77632.48415999999	2
283	 5292	49702.335900000005	1520	77702.48640000001	3
284	 5293	49692.33543	1520	77782.48896	3
285	 5294	49692.33543	1520	77862.49152	-3
286	 5295	49692.33543	1520	77932.49376000001	-3
287	 5296	49692.33543	1520	78002.496	-13
288	 5297	49692.33543	1520	78062.49792000001	-15
289	 5298	49692.33543	1520	78142.50048	-15
290	 5299	49692.33543	1520	78202.50240000001	-13
291	 5300	49692.33543	1520	78262.50432000001	-21
292	 5301	49682.33496	1520	78322.50624	-19
293	 5302	49682.33496	1520	78382.50816	-19
294	 5303	49682.33496	1520	78422.50944000001	-19
295	 5304	49682.33496	1520	78482.51136	-21
296	 5305	49672.33449	1520	78532.51296000001	-21
297	 5306	49672.33449	1520	78582.51456	-19
298	 5307	49672.33449	1520	78642.51648	-16
299	 5308	49672.33449	1520	78702.5184	-14
300	 5309	49662.334019999995	1520	78742.51968	-14
301	 5310	49662.334019999995	1520	78782.52096000001	-8
302	 5311	49662.334019999995	1520	78832.52256	-3
303	 5312	49662.334019999995	1520	78872.52384000001	-3
304	 5313	49662.334019999995	1520	78942.52608	0
305	 5314	49662.334019999995	1520	79002.528	-1
306	 5315	49672.33449	1520	79022.52864	1
307	 5316	49672.33449	1520	79042.52928	1
308	 5317	49672.33449	1520	79092.53088	4
309	 5318	49672.33449	1520	79142.53248000001	4
310	 5319	49672.33449	1520	79182.53376	4
311	 5320	49672.33449	1520	79222.53504	3
312	 5321	49672.33449	1520	79272.53664	1
313	 5322	49672.33449	1520	79322.53824	1
314	 5323	49672.33449	1520	79342.53888000001	1
315	 5324	49672.33449	1520	79362.53952	0
316	 5325	49672.33449	1520	79402.5408	-2
317	 5326	49672.33449	1520	79442.54208	-2
318	 5327	49672.33449	1520	79472.54304	0
319	 5328	49672.33449	1520	79502.54400000001	1
320	 5329	49672.33449	1520	79542.54528	1
321	 5330	49672.33449	1520	79582.54656	1
322	 5331	49672.33449	1520	79602.5472	4
323	 5332	49662.334019999995	1520	79622.54784000001	3
324	 5333	49662.334019999995	1520	79662.54912	0
325	 5334	49662.334019999995	1520	79702.55040000001	0
326	 5335	49662.334019999995	1520	79722.55104	0
327	 5336	49662.334019999995	1520	79742.55168	1
328	 5337	49672.33449	1520	79762.55232	1
329	 5338	49672.33449	1520	79782.55296	2
330	 5339	49672.33449	1520	79822.55424	2
331	 5340	49672.33449	1520	79842.55488000001	2
332	 5341	49672.33449	1520	79872.55584	1
333	 5342	49672.33449	1520	79902.5568	1
334	 5343	49662.334019999995	1520	79922.55744	0
335	 5344	49662.334019999995	1520	79942.55808	0
336	 5345	49672.33449	1520	79982.55936000001	-2
337	 5346	49672.33449	1520	80022.56064	-2
338	 5347	49672.33449	1520	80032.56096	-2
339	 5348	49672.33449	1520	80042.56128000001	-1
340	 5349	49662.334019999995	1520	80072.56224	0
341	 5350	49662.334019999995	1520	80102.5632	0
342	 5351	49662.334019999995	1520	80112.56352	0
343	 5352	49662.334019999995	1520	80122.56384	-2
344	 5353	49662.334019999995	1520	80162.56512	-2
345	 5354	49662.334019999995	1520	80202.56640000001	-3
346	 5355	49662.334019999995	1520	80212.56672	-3
347	 5356	49662.334019999995	1520	80222.56704000001	-5
348	 5357	49662.334019999995	1520	80252.568	-11
349	 5358	49662.334019999995	1520	80282.56896	-11
350	 5359	49662.334019999995	1520	80302.5696	-8
351	 5360	49662.334019999995	1520	80322.57024	-6
352	 5361	49662.334019999995	1520	80352.57119999999	-6
353	 5362	49662.334019999995	1520	80382.57216	-7
354	 5363	49672.33449	1520	80402.57280000001	-7
355	 5364	49672.33449	1520	80422.57344000001	-7
356	 5365	49672.33449	1520	80442.57408	-5
357	 5366	49672.33449	1520	80482.57536	-6
358	 5367	49672.33449	1520	80502.576	-7
359	 5368	49672.33449	1520	80522.57664	-7
360	 5369	49662.334019999995	1520	80522.57664	-6
361	 5370	49662.334019999995	1520	80542.57728000001	-4
362	 5371	49662.334019999995	1520	80572.57824	-3
363	 5372	49662.334019999995	1519	80602.5792	-3
364	 5373	49662.334019999995	1519	80642.58048	-2
365	 5374	49662.334019999995	1518	80662.58112	-1
366	 5375	49662.334019999995	1518	80682.58176000002	-1
367	 5376	49662.334019999995	1519	80702.5824	1
368	 5377	49662.334019999995	1518	80722.58304	1
369	 5378	49662.334019999995	1519	80742.58368	0
370	 5379	49662.334019999995	1519	80762.58432000001	0
371	 5380	49662.334019999995	1518	80762.58432000001	0
372	 5381	49662.334019999995	1517	80802.5856	-1
373	 5382	49662.334019999995	1517	80852.5872	-1
374	 5383	49652.33355	1517	80882.58816	-3
375	 5384	49652.33355	1517	80902.58880000001	-4
376	 5385	49652.33355	1518	80942.59008	-5
377	 5386	49652.33355	1517	80952.5904	-5
378	 5387	49652.33355	1517	80962.59072	-6
379	 5388	49652.33355	1516	80992.59168	-7
380	 5389	49642.333080000004	1516	81012.59232000001	-7
381	 5390	49642.333080000004	1517	81042.59328000002	-9
382	 5391	49642.333080000004	1516	81062.59392	-10
383	 5392	49642.333080000004	1516	81082.59456	-12
384	 5393	49642.333080000004	1516	81122.59584000001	-12
385	 5394	49642.333080000004	1516	81132.59616	-15
386	 5395	49632.332610000005	1516	81142.59648000001	-17
387	 5396	49632.332610000005	1516	81182.59776	-17
388	 5397	49642.333080000004	1516	81182.59776	-16
389	 5398	49642.333080000004	1516	81242.59968	-16
390	 5399	49642.333080000004	1516	81262.60032000001	-21
391	 5400	49642.333080000004	1516	81282.60096000001	-21
392	 5401	49642.333080000004	1516	81282.60096000001	-27
393	 5402	49642.333080000004	1516	81312.60192	-30
394	 5403	49632.332610000005	1516	81342.60288	-30
395	 5404	49642.333080000004	1516	81362.60352	-34
396	 5405	49632.332610000005	1515	81382.60416	-36
397	 5406	49632.332610000005	1515	81402.60480000002	-35
398	 5407	49622.33214	1514	81402.60480000002	-35
399	 5408	49622.33214	1515	81432.60576	-35
400	 5409	49622.33214	1514	81462.60672	-35
401	 5410	49622.33214	1516	81482.60736000001	-35
402	 5411	49612.33167	1517	81502.60800000001	-35
403	 5412	49622.33214	1518	81522.60864	-37
404	 5413	49622.33214	1517	81562.60992	-38
405	 5414	49622.33214	1516	81562.60992	-38
406	 5415	49622.33214	1517	81582.61056	-36
407	 5416	49622.33214	1517	81622.61184000001	-36
408	 5417	49612.33167	1516	81662.61312	-36
409	 5418	49612.33167	1517	81682.61376000001	-36
410	 5419	49612.33167	1518	81702.6144	-36
411	 5420	49612.33167	1517	81722.61504	-38
412	 5421	49602.3312	1518	81742.61568	-38
413	 5422	49602.3312	1519	81772.61664	-37
414	 5423	49602.3312	1517	81802.6176	-35
415	 5424	49602.3312	1516	81822.61824	-35
416	 5425	49602.3312	1517	81862.61952000001	-34
417	 5426	49602.3312	1519	81872.61984000001	-35
418	 5427	49592.33073	1519	81882.62016	-35
419	 5428	49592.33073	1517	81902.6208	-34
420	 5429	49592.33073	1517	81922.62144	-34
421	 5430	49592.33073	1517	81942.62208	-31
422	 5431	49582.33026	1516	81982.62336000001	-31
423	 5432	49582.33026	1515	81992.62368	-29
424	 5433	49582.33026	1516	82002.624	-25
425	 5434	49582.33026	1517	82022.62464	-19
426	 5435	49582.33026	1515	82042.62528000001	-19
427	 5436	49582.33026	1515	82072.62624	-15
428	 5437	49572.32979	1514	82102.6272	-15
429	 5438	49572.32979	1512	82122.62784	-15
430	 5439	49562.329320000004	1512	82142.62848	-16
431	 5440	49562.329320000004	1512	82162.62912	-13
432	 5441	49562.329320000004	1512	82182.62976000001	-9
433	 5442	49562.329320000004	1512	82212.63072	-9
434	 5443	49552.32885	1514	82242.63167999999	-9
435	 5444	49552.32885	1515	82252.632	-11
436	 5445	49542.32838	1517	82262.63232	-11
437	 5446	49542.32838	1520	82292.63328000001	-9
438	 5447	49532.32791	1520	82312.63392000001	-5
439	 5448	49522.32744	1520	82342.63488000001	-3
440	 5449	49512.32697	1518	82362.63552	-3
441	 5450	49512.32697	1518	82392.63648	2
442	 5451	49502.3265	1518	82422.63744	7
443	 5452	49502.3265	1517	82422.63744	7
444	 5453	49502.3265	1516	82422.63744	4
445	 5454	49502.3265	1518	82462.63872	-1
446	 5455	49492.326030000004	1516	82502.64	-3
447	 5456	49492.326030000004	1517	82522.64064	-3
448	 5457	49472.32509	1519	82542.64128000001	-5
449	 5458	49462.32462	1518	82562.64192000001	-7
450	 5459	49462.32462	1519	85582.73856	-7
451	 5460	49462.32462	1519	82612.64352	-4
452	 5461	49452.32415000001	1517	82642.64448	0
453	 5462	49452.32415000001	1518	82662.64512	0
454	 5463	49442.32368	1519	82682.64576000001	0
455	 5464	49442.32368	1518	82702.64640000001	1
456	 5465	49422.32274	1518	82722.64704	3
457	 5466	49422.32274	1519	82722.64704	3
458	 5467	49412.32227	1518	82742.64768	5
459	 5468	49412.32227	1518	82762.64832000001	6
460	 5469	49402.3218	1519	82782.64896	7
461	 5470	49402.3218	1520	82802.6496	7
462	 5471	49402.3218	1516	82822.65024	7
463	 5472	49402.3218	1516	82842.65088	7
464	 5473	49392.32133	1516	82862.65152	7
465	 5474	49392.32133	1518	82882.65216	9
466	 5475	49392.32133	1518	82902.65280000001	10
467	 5476	49392.32133	1519	82902.65280000001	9
468	 5477	49392.32133	1519	82902.65280000001	9
469	 5478	49392.32133	1520	82922.65344000001	9
470	 5479	49392.32133	1520	82942.65408000001	12
471	 5480	49392.32133	1520	82962.65471999999	16
472	 5481	49402.3218	1520	82982.65536	14
473	 5482	49402.3218	1520	83002.656	7
474	 5483	49402.3218	1520	83022.65664	7
475	 5484	49402.3218	1520	83042.65728000001	0
476	 5485	49402.3218	1523	83062.65792000001	-5
477	 5486	49402.3218	1524	83082.65856	-5
478	 5487	49402.3218	1524	83102.6592	-5
479	 5488	49402.3218	1524	83142.66048	-5
480	 5489	49392.32133	1524	83182.66176000002	-6
481	 5490	49392.32133	1525	83212.66272	-6
482	 5491	49392.32133	1528	83242.66368	-5
483	 5492	49382.32086000001	1532	83262.66432000001	-2
484	 5493	49382.32086000001	1536	83282.66496000001	0
485	 5494	49382.32086000001	1538	83312.66592	0
486	 5495	49382.32086000001	1540	83342.66688	0
487	 5496	49372.32039	1540	83362.66752	-1
488	 5497	49372.32039	1535	83402.66880000001	-2
489	 5498	49372.32039	1530	83412.66912	-2
490	 5499	49372.32039	1527	83422.66944	-2
491	 5500	49372.32039	1526	83462.67072	-1
492	 5501	49362.31992	1526	83482.67136000001	-1
493	 5502	49362.31992	1530	83502.672	0
494	 5503	49352.31945	1536	83522.67264	-1
495	 5504	49342.318980000004	1540	83562.67392	-1
496	 5505	49342.318980000004	1541	83582.67456	-1
497	 5506	49342.318980000004	1540	83602.6752	0
498	 5507	49342.318980000004	1535	83622.67584000001	0
499	 5508	49342.318980000004	1532	83622.67584000001	0
500	 5509	49342.318980000004	1530	83662.67712	-2
501	 5510	49352.31945	1526	83702.6784	-4
502	 5511	49352.31945	1525	83722.67904	-4
503	 5512	49352.31945	1524	83742.67968	-4
504	 5513	49352.31945	1524	83762.68032000001	-5
505	 5514	49342.318980000004	1519	83782.68096	-4
506	 5515	49342.318980000004	1516	83802.6816	-4
507	 5516	49342.318980000004	1516	83822.68224	-2
508	 5517	49332.31851	1520	83842.68288000001	-1
509	 5518	49332.31851	1520	83862.68352	-2
510	 5519	49322.31804	1519	83902.6848	-2
511	 5520	49312.31757000001	1516	83922.68544	-2
512	 5521	49312.31757000001	1517	83922.68544	-4
513	 5522	49312.31757000001	1518	83942.68608	0
514	 5523	49302.3171	1518	83982.68736000001	0
515	 5524	49302.3171	1517	84022.68864	-2
516	 5525	49312.31757000001	1517	84042.68928	-2
517	 5526	49312.31757000001	1516	84062.68992	-3
518	 5527	49302.3171	1516	84102.6912	-5
519	 5528	49302.3171	1518	84102.6912	-5
520	 5529	49292.31663	1516	84142.69248	-5
521	 5530	49282.31616	1515	84142.69248	-3
522	 5531	49282.31616	1515	84182.69376000001	-1
523	 5532	49282.31616	1514	84202.69440000001	-1
524	 5533	49272.31569	1515	84242.69568	1
525	 5534	49272.31569	1515	84242.69568	2
526	 5535	49272.31569	1513	84262.69632	1
527	 5536	49262.31522	1513	84282.69696	1
528	 5537	49262.31522	1515	84322.69824	1
529	 5538	49262.31522	1515	84322.69824	1
530	 5539	49262.31522	1515	84362.69952000001	0
531	 5540	49262.31522	1512	84362.69952000001	0
532	 5541	49262.31522	1510	84402.7008	-2
533	 5542	49262.31522	1509	84422.70144	-2
534	 5543	49252.31475	1509	84442.70208	-2
535	 5544	49252.31475	1509	84462.70272	-2
536	 5545	49252.31475	1510	84482.70336000001	-2
537	 5546	49252.31475	1510	84522.70464	-1
538	 5547	49252.31475	1510	84562.70592000001	-1
539	 5548	49252.31475	1510	84542.70528000001	-1
540	 5549	49242.314280000006	1511	84562.70592000001	-1
541	 5550	49242.314280000006	1511	84602.7072	0
542	 5551	49242.314280000006	1512	84632.70816	0
543	 5552	49242.314280000006	1513	84622.70784	0
544	 5553	49242.314280000006	1513	84662.70912	-1
545	 5554	49242.314280000006	1514	84682.70976000001	-1
546	 5555	49232.31381	1515	84682.70976000001	-1
547	 5556	49232.31381	1517	84722.71104000001	-1
548	 5557	49232.31381	1520	84742.71168	-1
549	 5558	49242.314280000006	1525	84762.71232	-1
550	 5559	49242.314280000006	1532	84782.71296	0
551	 5560	49252.31475	1537	84802.7136	0
552	 5561	49252.31475	1544	84842.71488	0
553	 5562	49262.31522	1549	84862.71552	-1
554	 5563	49262.31522	1550	84902.71680000001	-1
555	 5564	49252.31475	1550	84902.71680000001	-3
556	 5565	49252.31475	1542	84962.71871999999	-4
557	 5566	49242.314280000006	1531	84972.71904	-3
558	 5567	49242.314280000006	1525	84982.71936	-2
559	 5568	49242.314280000006	1519	84982.71936	-2
560	 5569	49242.314280000006	1517	85022.72064	1
561	 5570	49242.314280000006	1517	85032.72096	1
562	 5571	49242.314280000006	1517	85062.72192000001	3
563	 5572	49242.314280000006	1517	85082.72256	5
564	 5573	49232.31381	1517	85102.7232	6
565	 5574	49242.314280000006	1517	85122.72384	6
566	 5575	49232.31381	1517	85142.72448	4
567	 5576	49232.31381	1517	85202.7264	3
568	 5577	49232.31381	1518	85182.72576000002	2
569	 5578	49232.31381	1518	85202.7264	2
570	 5579	49232.31381	1519	85242.72768	2
571	 5580	49242.314280000006	1518	85242.72768	1
572	 5581	49232.31381	1518	85282.72896000001	1
573	 5582	49232.31381	1518	85322.73023999999	1
574	 5583	49222.31334	1518	85322.73023999999	1
575	 5584	49232.31381	1518	85382.73216	2
576	 5585	49222.31334	1517	85362.73152	2
577	 5586	49222.31334	1517	85402.73280000001	2
578	 5587	49222.31334	1517	85422.73344000001	4
579	 5588	49222.31334	1517	85462.73472	4
580	 5589	49212.31287	1516	85482.73536	5
581	 5590	49202.3124	1516	85482.73536	4
582	 5591	49202.3124	1516	85522.73664	3
583	 5592	49202.3124	1516	85522.73664	3
584	 5593	49192.311929999996	1516	85562.73792	3
585	 5594	49192.311929999996	1516	85582.73856	4
586	 5595	49192.311929999996	1516	85582.73856	4
587	 5596	49192.311929999996	1515	85602.7392	6
588	 5597	49182.311460000004	1515	85622.73984000001	6
589	 5598	49182.311460000004	1515	85652.74080000001	5
590	 5599	49172.310990000005	1515	85702.7424	5
591	 5600	49172.310990000005	1518	85722.74304	6
592	 5601	49172.310990000005	1521	85722.74304	8
593	 5602	49172.310990000005	1518	85742.74368	8
594	 5603	49172.310990000005	1517	85782.74496000001	7
595	 5604	49162.31052	1515	85822.74624	5
596	 5605	49172.310990000005	1514	85842.74688	5
597	 5606	49162.31052	1514	85862.74752	4
598	 5607	49172.310990000005	1515	85902.74880000002	4
599	 5608	49182.311460000004	1515	85902.74880000002	7
600	 5609	49182.311460000004	1514	85922.74944	7
601	 5610	49182.311460000004	1513	85922.74944	9
602	 5611	49182.311460000004	1513	85982.75136000001	11
603	 5612	49172.310990000005	1512	85982.75136000001	12
604	 5613	49172.310990000005	1512	86002.75200000001	12
605	 5614	49172.310990000005	1512	86042.75328	13
606	 5615	49162.31052	1512	86082.75456	13
607	 5616	49172.310990000005	1513	86122.75584000001	12
608	 5617	49162.31052	1513	86102.7552	12
609	 5618	49162.31052	1514	86142.75648000001	13
610	 5619	49162.31052	1515	86142.75648000001	14
611	 5620	49162.31052	1515	86182.75776000001	13
612	 5621	49152.31005	1515	86202.7584	13
613	 5622	49162.31052	1515	86202.7584	13
614	 5623	49162.31052	1515	86222.75904	14
615	 5624	49152.31005	1515	86262.76032	14
616	 5625	49152.31005	1515	86262.76032	13
617	 5626	49152.31005	1515	86302.7616	11
618	 5627	49152.31005	1515	86322.76224	11
619	 5628	49142.30958	1515	86342.76288000001	11
620	 5629	49142.30958	1516	86402.7648	12
621	 5630	49142.30958	1516	86422.76544	12
622	 5631	49152.31005	1516	86462.76672	12
623	 5632	49142.30958	1516	86462.76672	12
624	 5633	49132.30911	1516	86482.76736000001	12
625	 5634	49132.30911	1517	86502.768	12
626	 5635	49132.30911	1517	86522.76864	14
627	 5636	49132.30911	1518	86502.768	14
628	 5637	49132.30911	1518	86622.77184	14
629	 5638	49122.308639999996	1518	86662.77312	12
630	 5639	49132.30911	1518	86622.77184	11
631	 5640	49132.30911	1518	86662.77312	11
632	 5641	49122.308639999996	1517	86662.77312	11
633	 5642	49122.308639999996	1517	86722.77504000001	10
634	 5643	49122.308639999996	1516	86742.77567999999	8
635	 5644	49122.308639999996	1515	86742.77567999999	8
636	 5645	49112.308170000004	1514	86752.776	9
637	 5646	49112.308170000004	1513	86782.77696	10
638	 5647	49102.307700000005	1512	86802.7776	10
639	 5648	49102.307700000005	1511	86842.77888000001	10
640	 5649	49102.307700000005	1510	86862.77952	8
641	 5650	49092.307230000006	1511	86882.78016	8
642	 5651	49082.30676	1513	86882.78016	8
643	 5652	49082.30676	1514	86902.78080000001	13
644	 5653	49072.30629	1516	86922.78144	16
645	 5654	49072.30629	1517	86962.78272	16
646	 5655	49062.30582	1517	87022.78464	14
647	 5656	49062.30582	1518	87042.78528000001	15
648	 5657	49062.30582	1518	87042.78528000001	16
649	 5658	49052.305349999995	1518	87062.78592000001	16
650	 5659	49052.305349999995	1519	87082.78656000001	16
651	 5660	49042.30488	1518	87102.78719999999	17
652	 5661	49042.30488	1519	87122.78784	19
653	 5662	49042.30488	1519	87182.78976000001	19
654	 5663	49042.30488	1517	87222.79104	19
655	 5664	49032.304410000004	1517	87182.78976000001	19
656	 5665	49042.30488	1515	87242.79168	19
657	 5666	49052.305349999995	1514	87262.79232000001	19
658	 5667	49062.30582	1516	87262.79232000001	20
659	 5668	49062.30582	1517	87322.79424	20
660	 5669	49062.30582	1517	87312.79392000001	19
661	 5670	49062.30582	1517	87322.79424	19
662	 5671	49052.305349999995	1517	87382.79616	20
663	 5672	49062.30582	1517	87382.79616	20
664	 5673	49052.305349999995	1516	87422.79744000001	22
665	 5674	49052.305349999995	1516	87402.79680000001	22
666	 5675	49062.30582	1515	87482.79936	21
667	 5676	49052.305349999995	1515	87502.8	21
668	 5677	49062.30582	1514	87502.8	19
669	 5678	49052.305349999995	1514	87532.80096000001	19
670	 5679	49062.30582	1513	87562.80192000001	19
671	 5680	49052.305349999995	1513	87562.80192000001	19
672	 5681	49062.30582	1513	87592.80288	19
673	 5682	49062.30582	1513	87602.8032	21
674	 5683	49062.30582	1517	87602.8032	21
675	 5684	49072.30629	1521	87642.80448	21
676	 5685	49062.30582	1519	87702.8064	21
677	 5686	49082.30676	1516	87682.80576000002	21
678	 5687	49072.30629	1515	87722.80704	21
679	 5688	49072.30629	1515	87742.80768	22
680	 5689	49072.30629	1515	87762.80832000001	21
681	 5690	49072.30629	1516	87782.80896000001	21
682	 5691	49082.30676	1515	87782.80896000001	22
683	 5692	49082.30676	1515	87842.81088	24
684	 5693	49072.30629	1517	87842.81088	24
685	 5694	49072.30629	1519	87882.81216	24
686	 5695	49072.30629	1521	87882.81216	25
687	 5696	49072.30629	1520	87922.81344	25
688	 5697	49082.30676	1518	87982.81536000001	24
689	 5698	49082.30676	1517	87992.81568	19
690	 5699	49072.30629	1517	88002.816	15
691	 5700	49072.30629	1518	88042.81728	16
692	 5701	49082.30676	1522	88062.81792	16
693	 5702	49082.30676	1522	88102.8192	18
694	 5703	49082.30676	1520	88102.8192	17
695	 5704	49072.30629	1519	88122.81984000001	17
696	 5705	49062.30582	1520	88142.82048000001	16
697	 5706	49082.30676	1519	88182.82176	17
698	 5707	49072.30629	1519	88182.82176	17
699	 5708	49092.307230000006	1518	88222.82304	18
700	 5709	49092.307230000006	1518	88222.82304	19
701	 5710	49112.308170000004	1518	88262.82432000001	19
702	 5711	49112.308170000004	1518	88342.82688000001	21
703	 5712	49132.30911	1519	88362.82752	22
704	 5713	49122.308639999996	1519	88342.82688000001	23
705	 5714	49112.308170000004	1519	88402.8288	23
706	 5715	49102.307700000005	1519	88402.8288	23
707	 5716	49082.30676	1518	88422.82944	23
708	 5717	49072.30629	1518	88442.83008	23
709	 5718	49072.30629	1517	88502.83200000001	23
710	 5719	49062.30582	1517	88502.83200000001	22
711	 5720	49062.30582	1518	88542.83328	22
712	 5721	49062.30582	1518	88542.83328	22
713	 5722	49062.30582	1515	88602.8352	21
714	 5723	49052.305349999995	1515	88602.8352	20
715	 5724	49062.30582	1516	88622.83584000001	20
716	 5725	49052.305349999995	1514	88642.83648	19
717	 5726	49052.305349999995	1512	88662.83712	21
718	 5727	49062.30582	1516	88662.83712	25
719	 5728	49052.305349999995	1518	88722.83904	25
720	 5729	49052.305349999995	1515	88722.83904	26
721	 5730	49042.30488	1516	88722.83904	25
722	 5731	49032.304410000004	1517	88762.84032	25
723	 5732	49022.303940000005	1519	88782.84096	25
724	 5733	49022.303940000005	1519	88782.84096	25
725	 5734	49022.303940000005	1520	88842.84288000001	24
726	 5735	49022.303940000005	1521	88862.84352000001	24
727	 5736	49032.304410000004	1522	88922.84544	23
728	 5737	49032.304410000004	1522	88922.84544	22
729	 5738	49032.304410000004	1522	88922.84544	22
730	 5739	49032.304410000004	1522	88962.84672	23
731	 5740	49022.303940000005	1522	88982.84736000001	22
732	 5741	49022.303940000005	1522	89002.848	20
733	 5742	49022.303940000005	1524	89042.84928000001	20
734	 5743	49002.303	1525	89042.84928000001	20
735	 5744	49002.303	1525	89042.84928000001	22
736	 5745	49002.303	1525	89062.84992000001	22
737	 5746	49012.30347	1525	89082.85056	22
738	 5747	49022.303940000005	1525	89102.8512	20
739	 5748	49022.303940000005	1525	89122.85184	18
740	 5749	49012.30347	1525	89102.8512	18
741	 5750	49022.303940000005	1524	89102.8512	16
742	 5751	49022.303940000005	1523	89122.85184	16
743	 5752	49012.30347	1523	89092.85088000001	17
744	 5753	49012.30347	1523	89142.85248	17
745	 5754	49022.303940000005	1523	89122.85184	17
746	 5755	49022.303940000005	1522	89102.8512	15
747	 5756	49012.30347	1522	89142.85248	15
748	 5757	49012.30347	1521	89122.85184	13
749	 5758	49032.304410000004	1520	89142.85248	13
750	 5759	49022.303940000005	1519	89102.8512	13
751	 5760	49022.303940000005	1519	89122.85184	11
752	 5761	49022.303940000005	1519	89122.85184	10
753	 5762	49022.303940000005	1519	89102.8512	8
754	 5763	49012.30347	1520	89092.85088000001	8
755	 5764	48992.30253	1521	89102.8512	6
756	 5765	49002.303	1521	89092.85088000001	5
757	 5766	48992.30253	1522	89082.85056	4
758	 5767	48992.30253	1522	89062.84992000001	4
759	 5768	48992.30253	1522	89042.84928000001	3
760	 5769	48992.30253	1523	89002.848	2
761	 5770	49002.303	1524	89022.84864	2
762	 5771	49002.303	1524	88992.84767999999	2
763	 5772	49002.303	1527	88972.84704000001	-5
764	 5773	49002.303	1530	88922.84544	-5
765	 5774	49012.30347	1534	88922.84544	-6
766	 5775	49022.303940000005	1537	88882.84416	-4
767	 5776	49022.303940000005	1538	88842.84288000001	-6
768	 5777	49032.304410000004	1538	88812.84192	-10
769	 5778	49022.303940000005	1538	88762.84032	-10
770	 5779	49012.30347	1538	88742.83968	-11
771	 5780	49032.304410000004	1538	88702.83840000001	-11
772	 5781	49022.303940000005	1538	88682.83776000001	-12
773	 5782	49022.303940000005	1538	88622.83584000001	-14
774	 5783	49022.303940000005	1538	88562.83392	-13
775	 5784	49032.304410000004	1538	88542.83328	-14
776	 5785	49032.304410000004	1538	88502.83200000001	-11
777	 5786	49052.305349999995	1537	88462.83072	-7
778	 5787	49042.30488	1536	88402.8288	-7
779	 5788	49042.30488	1537	88362.82752	-8
780	 5789	49032.304410000004	1538	88302.8256	-10
781	 5790	49032.304410000004	1538	88262.82432000001	-15
782	 5791	49022.303940000005	1538	88212.82272	-15
783	 5792	49022.303940000005	1538	88162.82112	-15
784	 5793	49022.303940000005	1537	88082.81856	-18
785	 5794	49012.30347	1536	88022.81664	-19
786	 5795	49012.30347	1534	87962.81472	-18
787	 5796	49012.30347	1534	87902.81280000001	-18
788	 5797	49012.30347	1534	87842.81088	-16
789	 5798	49012.30347	1534	87802.80960000001	-15
790	 5799	49012.30347	1533	87722.80704	-11
791	 5800	49012.30347	1530	87662.80512	-4
792	 5801	49002.303	1530	87602.8032	-2
793	 5802	48992.30253	1526	87522.80064	-2
794	 5803	48992.30253	1525	87462.79871999999	-5
795	 5804	48992.30253	1524	87382.79616	-7
796	 5805	48992.30253	1523	87302.7936	-9
797	 5806	48992.30253	1521	87222.79104	-9
798	 5807	48982.302059999995	1521	87162.78912	-12
799	 5808	48982.302059999995	1520	87082.78656000001	-12
800	 5809	48982.302059999995	1519	86982.78336	-16
801	 5810	48982.302059999995	1518	86902.78080000001	-15
802	 5811	48982.302059999995	1518	86822.77824	-12
803	 5812	48972.30159	1520	86722.77504000001	-11
804	 5813	48982.302059999995	1520	86662.77312	-11
805	 5814	48982.302059999995	1521	86582.77056	-12
806	 5815	48982.302059999995	1521	86482.76736000001	-12
807	 5816	48972.30159	1519	86382.76416	-14
808	 5817	48962.301120000004	1517	86322.76224	-15
809	 5818	48962.301120000004	1518	86242.75968	-15
810	 5819	48952.300650000005	1519	86162.75712	-13
811	 5820	48952.300650000005	1519	86062.75392	-13
812	 5821	48952.300650000005	1519	85982.75136000001	-13
813	 5822	48962.301120000004	1519	85882.74816	-13
814	 5823	48962.301120000004	1520	85782.74496000001	-16
815	 5824	48952.300650000005	1520	85662.74112	-19
816	 5825	48952.300650000005	1520	85582.73856	-20
817	 5826	48952.300650000005	1521	85482.73536	-20
818	 5827	48952.300650000005	1521	85362.73152	-21
819	 5828	48952.300650000005	1522	85282.72896000001	-21
820	 5829	48952.300650000005	1523	85182.72576000002	-21
821	 5830	48952.300650000005	1524	85082.72256	-19
822	 5831	48952.300650000005	1524	84982.71936	-16
823	 5832	48952.300650000005	1524	84882.71616	-17
824	 5833	48942.30018	1523	84742.71168	-17
825	 5834	48932.29971	1522	84662.70912	-19
826	 5835	48952.300650000005	1521	84562.70592000001	-19
827	 5836	48952.300650000005	1520	84442.70208	-19
828	 5837	48942.30018	1520	84322.69824	-23
829	 5838	48942.30018	1520	84242.69568	-28
830	 5839	48942.30018	1521	84122.69184000001	-27
831	 5840	48942.30018	1521	84052.6896	-23
832	 5841	48942.30018	1522	83962.68672	-23
833	 5842	48952.300650000005	1522	83842.68288000001	-18
834	 5843	48942.30018	1522	83702.6784	-18
835	 5844	48942.30018	1522	83602.6752	-15
836	 5845	48942.30018	1522	83462.67072	-17
837	 5846	48942.30018	1520	83382.66816	-20
838	 5847	48922.29924	1519	83282.66496000001	-17
839	 5848	48942.30018	1519	83142.66048	-17
840	 5849	48942.30018	1519	83082.65856	-14
841	 5850	48942.30018	1519	82922.65344000001	-14
842	 5851	48942.30018	1518	82802.6496	-16
843	 5852	48932.29971	1517	82662.64512	-19
844	 5853	48942.30018	1516	82542.64128000001	-20
845	 5854	48922.29924	1515	82402.63680000001	-19
846	 5855	48942.30018	1515	82272.63264	-19
847	 5856	48922.29924	1515	82182.62976000001	-19
848	 5857	48922.29924	1515	82062.62592	-18
849	 5858	48952.300650000005	1517	81942.62208	-18
850	 5859	48942.30018	1518	81802.6176	-14
851	 5860	48922.29924	1518	81702.6144	-14
852	 5861	48912.29877	1518	81582.61056	-14
853	 5862	48902.2983	1518	81462.60672	-18
854	 5863	48892.29783	1518	81322.60224	-21
855	 5864	48892.29783	1518	81182.59776	-21
856	 5865	48892.29783	1518	81182.59776	-22
857	 5866	48882.297360000004	1518	81082.59456	-23
858	 5867	48892.29783	1518	80802.5856	-25
859	 5868	48892.29783	1517	80682.58176000002	-25
860	 5869	48892.29783	1517	80562.57792000001	-27
861	 5870	48902.2983	1517	80442.57408	-28
862	 5871	48912.29877	1517	80322.57024	-28
863	 5872	48912.29877	1518	80142.56448	-28
